Country, Double_Undrgrad,Undergrad,High_School,Double_Master,Master,PHD
Australia,122770.7006,85285.3544,37283.62136,156810.3448,124320.7057,167993.1413
Canada,124417.2185,84685.82448,37181.05435,155159.4203,128297.0413,167703.7132
China,127339.6226,86319.79785,37373.9,156313.7255,125523.3,165081.3453
UK,124790.2098,84943.43779,38371.88506,159346.1538,123621.1176,163953.6926
USA,124454.4521,84625.68367,33203.05814,160879.3103,123664.9908,163568.2992
(blank),,,,,,
